Serial Number,Start Time,Remaining Seconds,Device's Remaining Lifetime,Event Type,Channel,Duration,H2S Peak (ppm),CO Peak (ppm),O2 Peak (%Vol),LEL Peak (%LEL),H2S TWA,H2S STEL,CO TWA,CO STEL,Start Time in UTC,Temperature,Battery Voltage in Alarm,Firmware Version,H2S Low Alarm Pt,H2S High Alarm Pt,H2S TWA Alarm Pt,H2S STEL Alarm Pt,CO Low Alarm Pt,CO High Alarm Pt,CO Twa Alarm Pt,CO STEL Alarm Pt,O2 Low Alarm Pt,O2 High Alarm Pt,LEL Low alarm Pt,LEL High Alarm Pt,O2 Low Trigger,O2 High Trigger,Total Self Tests,Total event time(seconds),Total Event Count,Number of event transfered,Device Status
KO20BC401163500013,2017-03-17 23:31,Calibrating Auto Zeroing Reserved Battery Low Multi Alarm Low Alarm ,,1259.3,1311,1234.1,1233.6,13105,Active,,,,,,,,,,,,,,,,,,,,,,,,,,,,
KO20BC401163500013,1993-08-29 4:37,Reserved Battery Low TWA Alarm Down-scale Alarm ,,100,1000,1000,1000,10000,Active,,,,,,,,,,,,,,,,,,,,,,,,,,,,
KO20BC401163500013,1992-10-29 18:37,Down-scale Alarm ,,60,25.8,-3049.6,-3113.9,19304,Active,,,,,,,,,,,,,,,,,,,,,,,,,,,,
KO20BC401163500013,1991-10-16 12:23,Calibrating Battery Low Multi Alarm High Alarm Low Alarm TWA Alarm Down-scale Alarm ,,7,-1172.5,-1141.1,1701.9,54125,Active,,,,,,,,,,,,,,,,,,,,,,,,,,,,
KO20BC401163500013,1991-08-01 16:10,Battery Low Multi Alarm High Alarm TWA Alarm Down-scale Alarm ,,0,19.5,0,0.9,68,Active,,,,,,,,,,,,,,,,,,,,,,,,,,,,
KO20BC401163500013,2107-06-26 1:50,Calibrating Battery Low STEL Alarm TWA Alarm Down-scale Alarm ,,94.3,0.4,2.6,299.5,54126,Active,,,,,,,,,,,,,,,,,,,,,,,,,,,,
KO20BC401163500013,2026-10-27 1:44,Low Alarm TWA Alarm ,,179.2,15.6,145,4.4,90,Active,,,,,,,,,,,,,,,,,,,,,,,,,,,,
KO20BC401163500013,1991-11-17 8:57,Calibrating Auto Zeroing Reserved Multi Alarm High Alarm TWA Alarm Down-scale Alarm ,,134.5,-973.6,94.3,23.6,26,Active,,,,,,,,,,,,,,,,,,,,,,,,,,,,
KO20BC401163500013,2026-11-05 4:11,Reserved Battery Low TWA Alarm ,,-1140.3,1697.9,102.4,0,0,Active,,,,,,,,,,,,,,,,,,,,,,,,,,,,
KO20BC401163500013,1991-08-09 5:56,Low Alarm ,,7.6,7.9,77.7,-1016.8,943,Active,,,,,,,,,,,,,,,,,,,,,,,,,,,,
KO20BC401163500013,1997-10-20 10:12,Auto Zeroing Reserved Battery Low Multi Alarm High Alarm Low Alarm STEL Alarm ,,-1140.3,1699.1,-1140.3,1699.1,3840,Active,,,,,,,,,,,,,,,,,,,,,,,,,,,,
KO20BC401163500013,1991-11-05 6:57,Multi Alarm High Alarm Low Alarm STEL Alarm ,,28.6,1.5,12.9,23.1,2168,Active,,,,,,,,,,,,,,,,,,,,,,,,,,,,
KO20BC401163500013,1992-06-12 5:12,Calibrating Battery Low Down-scale Alarm ,,2.6,299.5,-1138.8,1696.1,54148,Active,,,,,,,,,,,,,,,,,,,,,,,,,,,,
KO20BC401163500013,1991-08-01 16:10,Reserved Battery Low Low Alarm STEL Alarm Down-scale Alarm ,,0,19.4,0,1.6,137,Active,,,,,,,,,,,,,,,,,,,,,,,,,,,,
KO20BC401163500013,2105-03-27 8:51,Calibrating Battery Low High Alarm Down-scale Alarm ,,94.3,1.2,2.6,299.5,54148,Active,,,,,,,,,,,,,,,,,,,,,,,,,,,,
KO20BC401163500013,2026-11-03 15:47,High Alarm STEL Alarm TWA Alarm ,,384,71.3,659,15.7,418,Active,,,,,,,,,,,,,,,,,,,,,,,,,,,,
KO20BC401163500013,1992-05-31 19:55,Calibrating Auto Zeroing Reserved Multi Alarm High Alarm TWA Alarm Down-scale Alarm ,,383.7,-1082.6,94.3,47,26,Active,,,,,,,,,,,,,,,,,,,,,,,,,,,,
KO20BC401163500013,2026-11-11 5:50,High Alarm STEL Alarm TWA Alarm Down-scale Alarm ,,-1137.6,1698.7,102.4,0,60,Active,,,,,,,,,,,,,,,,,,,,,,,,,,,,
KO20BC401163500013,1991-08-21 9:12,Battery Low Multi Alarm Low Alarm TWA Alarm ,,22.9,31.4,295.5,-1155.6,943,Active,,,,,,,,,,,,,,,,,,,,,,,,,,,,
KO20BC401163500013,1997-10-20 10:12,,,-1137.4,1701.3,-1137.4,1701.3,1024,Active,,,,,,,,,,,,,,,,,,,,,,,,,,,,
KO20BC401163500013,1991-12-25 7:10,Calibrating Battery Low Low Alarm TWA Alarm ,,0,2.6,22.9,31.2,2950,Active,,,,,,,,,,,,,,,,,,,,,,,,,,,,
KO20BC401163500013,1991-08-25 22:42,Calibrating Battery Low Multi Alarm High Alarm Down-scale Alarm ,,2.6,299.5,-1136.8,1700.9,54168,Active,,,,,,,,,,,,,,,,,,,,,,,,,,,,
KO20BC401163500013,1993-07-02 13:52,Auto Zeroing Reserved Battery Low TWA Alarm Down-scale Alarm ,,847,18.9,52.4,4,359,Active,,,,,,,,,,,,,,,,,,,,,,,,,,,,
KO20BC401163500013,2102-08-23 18:20,Calibrating Battery Low Multi Alarm High Alarm Low Alarm TWA Alarm Down-scale Alarm ,,94.3,51.2,2.6,299.5,54182,Active,,,,,,,,,,,,,,,,,,,,,,,,,,,,
KO20BC401163500013,2026-12-05 12:23,Multi Alarm Low Alarm ,,102.4,3.9,32,1.7,0,Active,,,,,,,,,,,,,,,,,,,,,,,,,,,,
KO20BC401163500013,1991-11-12 1:35,Calibrating Auto Zeroing Reserved Multi Alarm High Alarm TWA Alarm Down-scale Alarm ,,132.5,-1290.8,94.3,38.6,26,Active,,,,,,,,,,,,,,,,,,,,,,,,,,,,
KO20BC401163500013,2026-10-24 0:56,Reserved Battery Low TWA Alarm Down-scale Alarm ,,-1134.3,1696.3,102.4,0,0,Active,,,,,,,,,,,,,,,,,,,,,,,,,,,,
KO20BC401163500013,1991-09-01 0:04,STEL Alarm TWA Alarm ,,36.4,1.8,13.3,-1351.2,943,Active,,,,,,,,,,,,,,,,,,,,,,,,,,,,
KO20BC401163500013,1997-10-20 10:12,Battery Low Multi Alarm Low Alarm STEL Alarm Down-scale Alarm ,,-1134.3,1697.3,-1134.3,1697.3,1792,Active,,,,,,,,,,,,,,,,,,,,,,,,,,,,
KO20BC401163500013,1991-08-24 10:18,Calibrating Auto Zeroing Multi Alarm Low Alarm STEL Alarm TWA Alarm ,,6.2,4.1,36.9,5.1,448,Active,,,,,,,,,,,,,,,,,,,,,,,,,,,,
KO20BC401163500013,1992-06-07 15:58,Calibrating Battery Low High Alarm TWA Alarm Down-scale Alarm ,,2.6,299.5,-1133.3,1697.9,54203,Active,,,,,,,,,,,,,,,,,,,,,,,,,,,,
KO20BC401163500013,1991-08-01 16:10,Multi Alarm Low Alarm TWA Alarm Down-scale Alarm ,,0,19.3,0,4.2,376,Active,,,,,,,,,,,,,,,,,,,,,,,,,,,,
KO20BC401163500013,2098-05-05 14:04,Calibrating Battery Low High Alarm Low Alarm STEL Alarm Down-scale Alarm ,,94.3,0.8,2.6,299.5,54203,Active,,,,,,,,,,,,,,,,,,,,,,,,,,,,
KO20BC401163500013,2026-11-12 18:15,Multi Alarm Low Alarm TWA Alarm Down-scale Alarm ,,179.2,16,145,4.2,94,Active,,,,,,,,,,,,,,,,,,,,,,,,,,,,
KO20BC401163500013,1991-10-08 4:12,Calibrating Auto Zeroing Reserved Multi Alarm High Alarm TWA Alarm Down-scale Alarm ,,81.2,-1413.8,94.3,42.2,26,Active,,,,,,,,,,,,,,,,,,,,,,,,,,,,
KO20BC401163500013,2026-11-21 20:43,Reserved Multi Alarm High Alarm Low Alarm STEL Alarm TWA Alarm Down-scale Alarm ,,-1131.9,1700.1,102.4,0,0,Active,,,,,,,,,,,,,,,,,,,,,,,,,,,,
KO20BC401163500013,1991-09-03 6:41,Low Alarm STEL Alarm ,,39.3,6.6,59.4,-1475,943,Active,,,,,,,,,,,,,,,,,,,,,,,,,,,,
KO20BC401163500013,1997-10-20 10:12,Auto Zeroing Multi Alarm Low Alarm TWA Alarm Down-scale Alarm ,,-1131.9,1701.5,-1131.9,1701.5,1792,Active,,,,,,,,,,,,,,,,,,,,,,,,,,,,
KO20BC401163500013,1991-09-28 8:12,Calibrating Battery Low High Alarm STEL Alarm ,,17.8,4.7,42.6,15.8,1466,Active,,,,,,,,,,,,,,,,,,,,,,,,,,,,
KO20BC401163500013,1992-06-15 6:01,Calibrating Battery Low STEL Alarm TWA Alarm Down-scale Alarm ,,2.6,299.5,-1130.8,1696.7,54228,Active,,,,,,,,,,,,,,,,,,,,,,,,,,,,
KO20BC401163500013,1991-08-01 16:10,Battery Low Multi Alarm High Alarm Low Alarm STEL Alarm ,,0,19.2,0,4.7,426,Active,,,,,,,,,,,,,,,,,,,,,,,,,,,,
KO20BC401163500013,2095-10-01 23:08,Calibrating Battery Low High Alarm STEL Alarm Down-scale Alarm ,,94.3,1.2,2.6,299.5,54228,Active,,,,,,,,,,,,,,,,,,,,,,,,,,,,
KO20BC401163500013,2026-11-06 16:37,Multi Alarm High Alarm STEL Alarm ,,384,50.3,465,12.5,296,Active,,,,,,,,,,,,,,,,,,,,,,,,,,,,
KO20BC401163500013,1992-02-28 12:51,Calibrating Auto Zeroing Reserved Multi Alarm High Alarm TWA Alarm Down-scale Alarm ,,259.1,-1539,94.3,39.6,26,Active,,,,,,,,,,,,,,,,,,,,,,,,,,,,
KO20BC401163500013,2026-11-06 16:38,Reserved Battery Low TWA Alarm Down-scale Alarm ,,-1129.8,1698.1,102.4,0,0,Active,,,,,,,,,,,,,,,,,,,,,,,,,,,,
KO20BC401163500013,1991-09-10 20:44,STEL Alarm ,,48.4,20.8,193,-1599,943,Active,,,,,,,,,,,,,,,,,,,,,,,,,,,,
KO20BC401163500013,1997-10-20 10:12,Calibrating Reserved Multi Alarm High Alarm Low Alarm STEL Alarm TWA Alarm ,,-1129.8,1699.1,-1129.8,1699.1,3840,Active,,,,,,,,,,,,,,,,,,,,,,,,,,,,
KO20BC401163500013,1991-12-07 22:15,Auto Zeroing Reserved ,,42,6,54.3,42,3923,Active,,,,,,,,,,,,,,,,,,,,,,,,,,,,
KO20BC401163500013,1992-06-07 15:58,Calibrating Battery Low Multi Alarm High Alarm STEL Alarm TWA Alarm Down-scale Alarm ,,2.6,299.5,-1128.8,1701.5,54248,Active,,,,,,,,,,,,,,,,,,,,,,,,,,,,
KO20BC401163500013,1993-06-21 22:43,Calibrating High Alarm TWA Alarm Down-scale Alarm ,,840,22.5,52.8,6.9,627,Active,,,,,,,,,,,,,,,,,,,,,,,,,,,,
KO20BC401163500013,2093-02-27 9:04,Calibrating Battery Low Low Alarm Down-scale Alarm ,,94.3,43.2,2.6,299.5,54259,Active,,,,,,,,,,,,,,,,,,,,,,,,,,,,
KO20BC401163500013,2026-10-28 14:11,Battery Low Low Alarm Down-scale Alarm ,,153.6,4.4,36,2.1,0,Active,,,,,,,,,,,,,,,,,,,,,,,,,,,,
KO20BC401163500013,1992-05-12 2:45,Calibrating Auto Zeroing Reserved Multi Alarm High Alarm TWA Alarm Down-scale Alarm ,,347.3,-1723.8,94.3,12.8,26,Active,,,,,,,,,,,,,,,,,,,,,,,,,,,,
KO20BC401163500013,2026-11-26 9:57,Reserved Multi Alarm High Alarm Low Alarm STEL Alarm TWA Alarm ,,-1127.3,1700.7,153.6,2.6,760,Active,,,,,,,,,,,,,,,,,,,,,,,,,,,,
KO20BC401163500013,1991-09-26 19:03,Calibrating Auto Zeroing Battery Low Multi Alarm High Alarm Low Alarm STEL Alarm ,,70.8,1.2,50.9,-1751.6,943,Active,,,,,,,,,,,,,,,,,,,,,,,,,,,,
KO20BC401163500013,1997-10-20 10:12,,,-1143.1,1696.3,-1143.1,1696.3,769,Active,,,,,,,,,,,,,,,,,,,,,,,,,,,,
KO20BC401163500013,1992-01-07 4:37,Calibrating Reserved Battery Low Multi Alarm Low Alarm ,,0,7.5,71,57,5280,Active,,,,,,,,,,,,,,,,,,,,,,,,,,,,
KO20BC401163500013,2016-06-15 10:47,Calibrating Battery Low High Alarm ,,2.5,299.5,-728.8,1697.6,58248,Active,,,,,,,,,,,,,,,,,,,,,,,,,,,,
KO20BC401163500013,1991-08-01 16:10,TWA Alarm ,,0,1,0,0.2,0,Active,,,,,,,,,,,,,,,,,,,,,,,,,,,,
KO20BC401163500013,2018-01-17 11:08,Calibrating Battery Low Multi Alarm High Alarm STEL Alarm ,,94.1,39.6,2.4,299.5,58256,Active,,,,,,,,,,,,,,,,,,,,,,,,,,,,
KO20BC401163500013,2026-11-30 6:05,STEL Alarm ,,179.2,25.3,237,6.4,140,Active,,,,,,,,,,,,,,,,,,,,,,,,,,,,
KO20BC401163500013,1991-10-24 20:35,Calibrating Auto Zeroing Reserved Multi Alarm High Alarm TWA Alarm Down-scale Alarm ,,104.1,1222.7,94.1,48.4,25,Active,,,,,,,,,,,,,,,,,,,,,,,,,,,,
KO20BC401163500013,2026-11-24 4:27,Reserved Battery Low TWA Alarm ,,-727.1,1700.4,102.4,0,0,Active,,,,,,,,,,,,,,,,,,,,,,,,,,,,
KO20BC401163500013,1991-08-04 16:42,STEL Alarm ,,2,11.1,104.1,1169.5,941,Active,,,,,,,,,,,,,,,,,,,,,,,,,,,,
KO20BC401163500013,1997-10-20 10:12,Auto Zeroing Reserved Battery Low Multi Alarm High Alarm Low Alarm STEL Alarm ,,-727.1,1701.2,-727.1,1701.2,3840,Active,,,,,,,,,,,,,,,,,,,,,,,,,,,,
KO20BC401163500013,1991-10-28 16:55,Auto Zeroing Reserved Multi Alarm STEL Alarm TWA Alarm Down-scale Alarm ,,29,1.1,7.9,31.7,2971,Active,,,,,,,,,,,,,,,,,,,,,,,,,,,,
KO20BC401163500013,1992-07-09 12:34,Calibrating Battery Low Low Alarm TWA Alarm ,,2.6,299.5,-726,1697,58276,Active,,,,,,,,,,,,,,,,,,,,,,,,,,,,
KO20BC401163500013,1993-08-20 21:09,Auto Zeroing Reserved STEL Alarm TWA Alarm ,,928,24.7,55.2,1.3,98,Active,,,,,,,,,,,,,,,,,,,,,,,,,,,,
KO20BC401163500013,2014-07-27 17:54,Calibrating Battery Low High Alarm Low Alarm STEL Alarm ,,94.1,20.4,2.6,299.5,58281,Active,,,,,,,,,,,,,,,,,,,,,,,,,,,,
KO20BC401163500013,2026-11-12 1:11,High Alarm Low Alarm ,,384,76.2,706,18.3,412,Active,,,,,,,,,,,,,,,,,,,,,,,,,,,,
KO20BC401163500013,1992-08-20 23:48,Calibrating Auto Zeroing Reserved Multi Alarm High Alarm TWA Alarm Down-scale Alarm ,,473.6,1075.1,94.1,46.4,26,Active,,,,,,,,,,,,,,,,,,,,,,,,,,,,
KO20BC401163500013,2026-11-15 2:00,Reserved Battery Low Multi Alarm Low Alarm TWA Alarm Down-scale Alarm ,,-724.5,1699.2,384,95.4,8820,Active,,,,,,,,,,,,,,,,,,,,,,,,,,,,
KO20BC401163500013,1991-08-28 5:11,Auto Zeroing Reserved Battery Low High Alarm STEL Alarm TWA Alarm ,,30.5,63.2,592.1,1014.7,941,Active,,,,,,,,,,,,,,,,,,,,,,,,,,,,
KO20BC401163500013,1997-10-20 10:12,Multi Alarm Low Alarm ,,-723.1,1700.2,-723.1,1700.2,3072,Active,,,,,,,,,,,,,,,,,,,,,,,,,,,,
KO20BC401163500013,1991-08-08 11:47,Auto Zeroing Battery Low Down-scale Alarm ,,76.2,4.2,37.1,32.4,3060,Active,,,,,,,,,,,,,,,,,,,,,,,,,,,,
KO20BC401163500013,1992-06-12 5:12,Calibrating Battery Low High Alarm ,,2.7,299.5,-722.3,1697.6,58313,Active,,,,,,,,,,,,,,,,,,,,,,,,,,,,
KO20BC401163500013,1991-08-01 16:10,Auto Zeroing STEL Alarm Down-scale Alarm ,,0,19.3,0,4.2,372,Active,,,,,,,,,,,,,,,,,,,,,,,,,,,,
KO20BC401163500013,2010-06-12 7:33,Calibrating Battery Low Multi Alarm TWA Alarm ,,94.1,1,2.7,299.5,58313,Active,,,,,,,,,,,,,,,,,,,,,,,,,,,,
KO20BC401163500013,2026-11-16 14:25,Multi Alarm Low Alarm TWA Alarm ,,102.4,0,0,1,0,Active,,,,,,,,,,,,,,,,,,,,,,,,,,,,
KO20BC401163500013,1991-08-06 5:13,Calibrating Auto Zeroing Reserved Multi Alarm High Alarm TWA Alarm Down-scale Alarm ,,2.3,906.5,94.1,32.8,27,Active,,,,,,,,,,,,,,,,,,,,,,,,,,,,
KO20BC401163500013,2026-11-16 14:25,Reserved Multi Alarm High Alarm Low Alarm TWA Alarm Down-scale Alarm ,,-721.7,1699.4,102.4,0,0,Active,,,,,,,,,,,,,,,,,,,,,,,,,,,,
KO20BC401163500013,1991-09-02 12:29,Multi Alarm Low Alarm STEL Alarm ,,37.2,0.5,1.6,870.5,941,Active,,,,,,,,,,,,,,,,,,,,,,,,,,,,
KO20BC401163500013,1997-10-20 10:12,,,-727.6,1700.2,-727.6,1700.2,769,Active,,,,,,,,,,,,,,,,,,,,,,,,,,,,
KO20BC401163500013,1992-01-07 4:37,Calibrating Reserved Battery Low High Alarm Low Alarm STEL Alarm Down-scale Alarm ,,0,4.2,37,67.8,6290,Active,,,,,,,,,,,,,,,,,,,,,,,,,,,,
KO20BC401163500013,1999-10-09 12:17,Calibrating Battery Low High Alarm Low Alarm STEL Alarm ,,2.7,299.5,-702.9,1698.8,58507,Active,,,,,,,,,,,,,,,,,,,,,,,,,,,,
KO20BC401163500013,1991-08-01 16:28,STEL Alarm ,,0,20.9,51.4,0.1,0,Active,,,,,,,,,,,,,,,,,,,,,,,,,,,,
KO20BC401163500013,2123-11-05 10:21,Calibrating Battery Low Multi Alarm High Alarm STEL Alarm ,,94,0.2,2.9,299.5,58597,Active,,,,,,,,,,,,,,,,,,,,,,,,,,,,
KO20BC401163500013,2026-11-30 6:11,TWA Alarm ,,102.4,0,0,2.8,0,Active,,,,,,,,,,,,,,,,,,,,,,,,,,,,
KO20BC401163500013,1991-08-05 10:55,Calibrating Auto Zeroing Reserved Multi Alarm High Alarm TWA Alarm Down-scale Alarm ,,0,-703.3,94,7.4,51,Active,,,,,,,,,,,,,,,,,,,,,,,,,,,,
KO20BC401163500013,2026-11-24 4:32,Reserved STEL Alarm Down-scale Alarm ,,-693.4,1700.4,384,50.3,4560,Active,,,,,,,,,,,,,,,,,,,,,,,,,,,,
KO20BC401163500013,1991-08-09 5:59,Calibrating TWA Alarm ,,7,26.1,240,-732.5,940,Active,,,,,,,,,,,,,,,,,,,,,,,,,,,,
KO20BC401163500013,1997-10-20 10:13,Auto Zeroing Reserved Battery Low Multi Alarm High Alarm STEL Alarm TWA Alarm Down-scale Alarm ,,-692.1,1698.4,-692.1,1698.4,1792,Active,,,,,,,,,,,,,,,,,,,,,,,,,,,,
KO20BC401163500013,1991-11-06 19:19,Battery Low Multi Alarm Low Alarm TWA Alarm Down-scale Alarm ,,19.6,1.5,11.7,33,3008,Active,,,,,,,,,,,,,,,,,,,,,,,,,,,,
KO20BC401163500013,1992-07-06 11:45,Calibrating Battery Low Multi Alarm High Alarm ,,5.1,299.5,-690.8,1700.8,58628,Active,,,,,,,,,,,,,,,,,,,,,,,,,,,,
KO20BC401163500013,1991-08-29 17:53,Reserved Battery Low Multi Alarm Low Alarm STEL Alarm Down-scale Alarm ,,55,19.4,0,1.8,140,Active,,,,,,,,,,,,,,,,,,,,,,,,,,,,
KO20BC401163500013,2109-09-21 12:43,Calibrating Battery Low Multi Alarm Low Alarm STEL Alarm ,,94,13.6,5.1,299.5,58604,Active,,,,,,,,,,,,,,,,,,,,,,,,,,,,
KO20BC401163500013,2026-11-24 4:33,High Alarm TWA Alarm Down-scale Alarm ,,76.9,0,0,20.9,0,Active,,,,,,,,,,,,,,,,,,,,,,,,,,,,
KO20BC401163500013,1992-04-19 8:28,Calibrating Auto Zeroing Reserved Multi Alarm High Alarm TWA Alarm Down-scale Alarm ,,311,-744.5,94,190,51,Active,,,,,,,,,,,,,,,,,,,,,,,,,,,,
KO20BC401163500013,2026-11-01 10:50,Reserved TWA Alarm ,,-543,1697.4,384,47.1,4500,Active,,,,,,,,,,,,,,,,,,,,,,,,,,,,
KO20BC401163500013,1991-08-06 23:25,Auto Zeroing Reserved Battery Low Multi Alarm High Alarm Low Alarm STEL Alarm ,,5.8,21.8,210.2,256.1,940,Active,,,,,,,,,,,,,,,,,,,,,,,,,,,,
KO20BC401163500013,1997-10-21 4:24,,,-542.8,1699.6,-542.8,1699.6,769,Active,,,,,,,,,,,,,,,,,,,,,,,,,,,,
KO20BC401163500013,1992-01-07 4:37,Auto Zeroing Battery Low Multi Alarm High Alarm TWA Alarm Down-scale Alarm ,,0,0.8,7,22.1,2120,Active,,,,,,,,,,,,,,,,,,,,,,,,,,,,
KO20BC401163500013,1993-11-28 5:08,Calibrating Battery Low Multi Alarm High Alarm ,,-1.1,299.5,-540.7,1700.8,60129,Active,,,,,,,,,,,,,,,,,,,,,,,,,,,,
KO20BC401163500013,1991-08-13 19:27,STEL Alarm TWA Alarm ,,-9,19.5,0,0.8,66,Active,,,,,,,,,,,,,,,,,,,,,,,,,,,,
KO20BC401163500013,1993-12-18 16:23,Calibrating Battery Low Multi Alarm High Alarm Low Alarm TWA Alarm ,,94,0.2,-0.5,299.5,60129,Active,,,,,,,,,,,,,,,,,,,,,,,,,,,,
KO20BC401163500013,2026-12-04 19:50,Low Alarm ,,102.4,1.6,-9,19.5,0,Active,,,,,,,,,,,,,,,,,,,,,,,,,,,,
KO20BC401163500013,1991-08-06 5:08,Calibrating Auto Zeroing Reserved Multi Alarm High Alarm TWA Alarm Down-scale Alarm ,,0.8,113.7,94,0.2,65531,Active,,,,,,,,,,,,,,,,,,,,,,,,,,,,
KO20BC401163500013,2026-11-07 12:28,Reserved Battery Low TWA Alarm Down-scale Alarm ,,-540.6,1698.2,102.4,1.7,65436,Active,,,,,,,,,,,,,,,,,,,,,,,,,,,,
KO20BC401163500013,1991-08-07 17:32,STEL Alarm ,,6.6,0.6,0.4,111.3,940,Active,,,,,,,,,,,,,,,,,,,,,,,,,,,,
KO20BC401163500013,1997-10-21 4:24,High Alarm Down-scale Alarm ,,-540.6,1699.4,-540.6,1699.4,1024,Active,,,,,,,,,,,,,,,,,,,,,,,,,,,,
KO20BC401163500013,1991-12-28 7:56,Battery Low Low Alarm STEL Alarm Down-scale Alarm ,,0,0.8,6.6,0.6,1,Active,,,,,,,,,,,,,,,,,,,,,,,,,,,,
KO20BC401163500013,1991-08-04 16:58,Calibrating Battery Low Multi Alarm Low Alarm STEL Alarm ,,-0.4,299.5,-540.6,1700.4,60130,Active,,,,,,,,,,,,,,,,,,,,,,,,,,,,
KO20BC401163500013,1991-08-13 19:27,STEL Alarm TWA Alarm ,,-11,19.5,0,0.8,66,Active,,,,,,,,,,,,,,,,,,,,,,,,,,,,
KO20BC401163500013,1993-11-06 4:56,Calibrating Battery Low Multi Alarm High Alarm STEL Alarm TWA Alarm ,,94,0.6,-0.3,299.5,60130,Active,,,,,,,,,,,,,,,,,,,,,,,,,,,,
KO20BC401163500013,2026-12-01 19:01,Low Alarm ,,102.4,1.7,-11,19.5,0,Active,,,,,,,,,,,,,,,,,,,,,,,,,,,,
KO20BC401163500013,1991-08-06 5:08,Calibrating Auto Zeroing Reserved Multi Alarm High Alarm TWA Alarm Down-scale Alarm ,,0,108.1,94,0.6,65533,Active,,,,,,,,,,,,,,,,,,,,,,,,,,,,
KO20BC401163500013,2026-10-24 20:47,Reserved Battery Low TWA Alarm Down-scale Alarm ,,-540.5,1696.4,102.4,1.6,65426,Active,,,,,,,,,,,,,,,,,,,,,,,,,,,,
KO20BC401163500013,1991-08-07 17:32,STEL Alarm ,,6.6,0.6,0,107.1,940,Active,,,,,,,,,,,,,,,,,,,,,,,,,,,,
KO20BC401163500013,1997-10-21 4:24,High Alarm Down-scale Alarm ,,-540.5,1697.2,-540.5,1697.2,1024,Active,,,,,,,,,,,,,,,,,,,,,,,,,,,,
KO20BC401163500013,1991-12-28 7:56,Multi Alarm STEL Alarm TWA Alarm Down-scale Alarm ,,0,0.8,6.6,0.6,0,Active,,,,,,,,,,,,,,,,,,,,,,,,,,,,
KO20BC401163500013,1991-08-04 16:58,Calibrating Battery Low High Alarm STEL Alarm ,,-0.3,299.5,-540.5,1698,60131,Active,,,,,,,,,,,,,,,,,,,,,,,,,,,,
KO20BC401163500013,1993-10-09 21:35,Calibrating Battery Low High Alarm Low Alarm STEL Alarm ,,94,0.6,-0.2,299.5,60131,Active,,,,,,,,,,,,,,,,,,,,,,,,,,,,
KO20BC401163500013,2026-11-12 1:42,Low Alarm ,,102.4,1.6,-11,19.5,0,Active,,,,,,,,,,,,,,,,,,,,,,,,,,,,
KO20BC401163500013,1991-08-06 5:08,Calibrating Auto Zeroing Reserved Multi Alarm High Alarm TWA Alarm Down-scale Alarm ,,0,104.7,94,0.6,65534,Active,,,,,,,,,,,,,,,,,,,,,,,,,,,,
KO20BC401163500013,2026-11-19 15:44,Reserved Battery Low TWA Alarm Down-scale Alarm ,,-540.5,1699.8,102.4,1.7,65426,Active,,,,,,,,,,,,,,,,,,,,,,,,,,,,
KO20BC401163500013,1991-08-07 17:32,STEL Alarm TWA Alarm ,,6.6,0.6,0,103.7,940,Active,,,,,,,,,,,,,,,,,,,,,,,,,,,,
KO20BC401163500013,1997-10-21 4:24,High Alarm Down-scale Alarm ,,-540.5,1700.8,-540.5,1700.8,1024,Active,,,,,,,,,,,,,,,,,,,,,,,,,,,,
KO20BC401163500013,1991-12-28 7:56,TWA Alarm Down-scale Alarm ,,0,0.8,6.6,0.6,0,Active,,,,,,,,,,,,,,,,,,,,,,,,,,,,
KO20BC401163500013,1991-08-04 16:58,Calibrating Battery Low Multi Alarm High Alarm Low Alarm ,,-0.2,299.5,-540.5,1701.6,60131,Active,,,,,,,,,,,,,,,,,,,,,,,,,,,,
KO20BC401163500013,1991-08-14 13:39,STEL Alarm TWA Alarm ,,-11,19.5,0,0.8,66,Active,,,,,,,,,,,,,,,,,,,,,,,,,,,,
KO20BC401163500013,1993-09-12 14:13,Calibrating Battery Low STEL Alarm TWA Alarm ,,94,0.8,-0.1,299.5,60132,Active,,,,,,,,,,,,,,,,,,,,,,,,,,,,
KO20BC401163500013,2026-10-26 9:12,Low Alarm ,,102.4,1.6,-11,19.5,0,Active,,,,,,,,,,,,,,,,,,,,,,,,,,,,
KO20BC401163500013,1991-08-06 5:08,Calibrating Auto Zeroing Reserved Multi Alarm High Alarm TWA Alarm Down-scale Alarm ,,0,100.9,94,0.6,65535,Active,,,,,,,,,,,,,,,,,,,,,,,,,,,,
KO20BC401163500013,2026-11-02 23:15,Reserved Battery Low TWA Alarm Down-scale Alarm ,,-540.4,1697.6,102.4,1.7,65426,Active,,,,,,,,,,,,,,,,,,,,,,,,,,,,
KO20BC401163500013,1991-08-07 17:32,STEL Alarm TWA Alarm ,,6.6,0.7,0,99.9,940,Active,,,,,,,,,,,,,,,,,,,,,,,,,,,,
KO20BC401163500013,1997-10-21 4:24,High Alarm Down-scale Alarm ,,-540.4,1698.6,-540.4,1698.6,1024,Active,,,,,,,,,,,,,,,,,,,,,,,,,,,,
KO20BC401163500013,1991-12-28 7:56,Calibrating Auto Zeroing Reserved Battery Low High Alarm Low Alarm STEL Alarm Down-scale Alarm ,,0,0.8,6.6,0.7,0,Active,,,,,,,,,,,,,,,,,,,,,,,,,,,,
KO20BC401163500013,1991-08-04 16:58,Calibrating Battery Low Multi Alarm TWA Alarm ,,-0.1,299.5,-540.4,1699.4,60132,Active,,,,,,,,,,,,,,,,,,,,,,,,,,,,
KO20BC401163500013,1991-08-14 13:39,STEL Alarm TWA Alarm Down-scale Alarm ,,-11,19.5,0,0.8,66,Active,,,,,,,,,,,,,,,,,,,,,,,,,,,,
KO20BC401163500013,1993-08-14 18:27,Calibrating Battery Low Multi Alarm Low Alarm STEL Alarm TWA Alarm ,,94,0.6,-0.1,299.5,60132,Active,,,,,,,,,,,,,,,,,,,,,,,,,,,,
KO20BC401163500013,2026-11-25 17:23,Low Alarm ,,102.4,1.7,-11,19.5,0,Active,,,,,,,,,,,,,,,,,,,,,,,,,,,,
KO20BC401163500013,1991-08-06 23:20,Calibrating Auto Zeroing Reserved Multi Alarm High Alarm TWA Alarm Down-scale Alarm ,,0,96.9,94,0.6,0,Active,,,,,,,,,,,,,,,,,,,,,,,,,,,,
KO20BC401163500013,2026-12-03 7:25,Reserved Battery Low TWA Alarm Down-scale Alarm ,,-540.4,1701.6,102.4,1.7,65426,Active,,,,,,,,,,,,,,,,,,,,,,,,,,,,
KO20BC401163500013,1991-08-07 17:32,STEL Alarm TWA Alarm ,,6.6,0.7,0,95.9,940,Active,,,,,,,,,,,,,,,,,,,,,,,,,,,,
KO20BC401163500013,1997-10-20 10:12,High Alarm Down-scale Alarm ,,-540.3,1696.6,-540.3,1696.6,1024,Active,,,,,,,,,,,,,,,,,,,,,,,,,,,,
KO20BC401163500013,1991-12-28 7:56,Calibrating Auto Zeroing Reserved Multi Alarm High Alarm STEL Alarm Down-scale Alarm ,,0,0.8,6.6,0.7,0,Active,,,,,,,,,,,,,,,,,,,,,,,,,,,,
KO20BC401163500013,1991-08-04 16:58,Calibrating Battery Low Low Alarm STEL Alarm TWA Alarm ,,0,299.5,-540.3,1697.4,60133,Active,,,,,,,,,,,,,,,,,,,,,,,,,,,,
KO20BC401163500013,1993-07-15 10:16,Calibrating Battery Low High Alarm Low Alarm ,,94,0.4,0,299.5,60133,Active,,,,,,,,,,,,,,,,,,,,,,,,,,,,
KO20BC401163500013,2026-11-09 0:53,Low Alarm ,,102.4,1.7,-10,19.5,0,Active,,,,,,,,,,,,,,,,,,,,,,,,,,,,
KO20BC401163500013,1991-08-06 23:20,Calibrating Auto Zeroing Reserved Multi Alarm High Alarm TWA Alarm Down-scale Alarm ,,0,93.1,94,0.4,0,Active,,,,,,,,,,,,,,,,,,,,,,,,,,,,
KO20BC401163500013,2026-11-16 14:55,Reserved Battery Low TWA Alarm Down-scale Alarm ,,-540.3,1699.4,102.4,1.8,65436,Active,,,,,,,,,,,,,,,,,,,,,,,,,,,,
KO20BC401163500013,1991-08-07 17:32,STEL Alarm ,,6.6,0.8,0,92.1,940,Active,,,,,,,,,,,,,,,,,,,,,,,,,,,,
KO20BC401163500013,1997-10-20 10:12,High Alarm TWA Alarm ,,-540.3,1701.6,-540.3,1701.6,1024,Active,,,,,,,,,,,,,,,,,,,,,,,,,,,,
KO20BC401163500013,1991-12-28 7:56,Calibrating Auto Zeroing Reserved TWA Alarm Down-scale Alarm ,,0,0.8,6.6,0.8,0,Active,,,,,,,,,,,,,,,,,,,,,,,,,,,,
KO20BC401163500013,1991-08-04 16:58,Calibrating Battery Low TWA Alarm ,,0.1,299.5,-506.3,1696.2,60473,Active,,,,,,,,,,,,,,,,,,,,,,,,,,,,
KO20BC401163500013,1992-01-11 0:42,Battery Low TWA Alarm Down-scale Alarm ,,87,17.9,55.6,1.1,75,Active,,,,,,,,,,,,,,,,,,,,,,,,,,,,
KO20BC401163500013,2089-10-15 5:57,Calibrating Battery Low Multi Alarm ,,93.9,34.8,2.4,299.5,60569,Active,,,,,,,,,,,,,,,,,,,,,,,,,,,,
KO20BC401163500013,2026-11-15 2:38,Low Alarm STEL Alarm Down-scale Alarm ,,384,22.6,87,17.9,552,Active,,,,,,,,,,,,,,,,,,,,,,,,,,,,
KO20BC401163500013,1991-09-26 19:02,Calibrating Auto Zeroing Reserved Multi Alarm High Alarm TWA Alarm Down-scale Alarm ,,29.9,-2355.7,93.9,34,24,Active,,,,,,,,,,,,,,,,,,,,,,,,,,,,
KO20BC401165200673,2017-03-26 1:24,Battery Low Multi Alarm STEL Alarm ,,1259.3,1362.2,1233.8,1387.2,13111,Active,,,,,,,,,,,,,,,,,,,,,,,,,,,,
KO20BC401165200673,1991-10-24 14:16,Reserved Battery Low TWA Alarm Down-scale Alarm ,,15,35,200,35,500,Active,,,,,,,,,,,,,,,,,,,,,,,,,,,,
KO20BC401165200673,1991-10-24 14:17,TWA Alarm Down-scale Alarm ,,20,25.8,-3049.6,3113.4,58142,Active,,,,,,,,,,,,,,,,,,,,,,,,,,,,
KO20BC401165200673,1991-12-11 9:07,Calibrating Auto Zeroing STEL Alarm ,,5.8,-2473.1,-463.6,1715.6,60900,Active,,,,,,,,,,,,,,,,,,,,,,,,,,,,
KO20BC401165200673,1991-08-09 17:55,,,251,20.9,0,0,1911,Active,,,,,,,,,,,,,,,,,,,,,,,,,,,,
KO20BC401165200673,2118-09-06 12:25,Calibrating Auto Zeroing High Alarm Low Alarm STEL Alarm TWA Alarm ,,96.1,3197.1,1.7,298,60911,Active,,,,,,,,,,,,,,,,,,,,,,,,,,,,
KO20BC401165200673,2027-04-16 7:28,,,51.3,0,251,20.9,0,Active,,,,,,,,,,,,,,,,,,,,,,,,,,,,
KO20BC401165200673,1991-08-09 18:19,Calibrating Auto Zeroing Reserved Multi Alarm STEL Alarm ,,247.4,-503.2,96.1,3128.5,17,Active,,,,,,,,,,,,,,,,,,,,,,,,,,,,
KO20BC401165200673,2027-05-04 12:40,Battery Low Multi Alarm STEL Alarm ,,-355.6,1720.6,51.8,6.5,69,Active,,,,,,,,,,,,,,,,,,,,,,,,,,,,
KO20BC401165200673,1991-08-09 17:47,High Alarm TWA Alarm Down-scale Alarm ,,191.1,0,247.4,2922.9,961,Active,,,,,,,,,,,,,,,,,,,,,,,,,,,,
KO20BC401165200673,1997-10-17 3:02,,,-355.5,1717.3,-355.5,1717.3,512,Active,,,,,,,,,,,,,,,,,,,,,,,,,,,,
KO20BC401165200673,1992-01-15 7:16,Calibrating Low Alarm Down-scale Alarm ,,0,0,200.7,0,2499,Active,,,,,,,,,,,,,,,,,,,,,,,,,,,,
KO20BC401165200673,1995-08-05 2:35,Calibrating Auto Zeroing High Alarm STEL Alarm Down-scale Alarm ,,1.7,298.3,-355.5,1717.3,61981,Active,,,,,,,,,,,,,,,,,,,,,,,,,,,,
KO20BC401165200673,1991-08-09 17:55,,,273,20.9,0,0,2007,Active,,,,,,,,,,,,,,,,,,,,,,,,,,,,
KO20BC401165200673,2052-03-25 4:49,Calibrating Auto Zeroing High Alarm STEL Alarm ,,96.1,192,1.7,298.3,62017,Active,,,,,,,,,,,,,,,,,,,,,,,,,,,,
KO20BC401165200673,2027-04-08 17:44,,,51.8,0.8,6.9,10,0,Active,,,,,,,,,,,,,,,,,,,,,,,,,,,,
KO20BC401165200673,1991-08-09 18:20,Calibrating Auto Zeroing Reserved Multi Alarm STEL Alarm TWA Alarm Down-scale Alarm ,,249.9,2734.5,96.1,1.9,17,Active,,,,,,,,,,,,,,,,,,,,,,,,,,,,
KO20BC401165200673,2027-04-27 16:50,Reserved Battery Low Multi Alarm Down-scale Alarm ,,-351.9,1719.7,51.2,0,2680,Active,,,,,,,,,,,,,,,,,,,,,,,,,,,,
KO20BC401165200673,1991-08-09 17:47,Multi Alarm High Alarm Low Alarm STEL Alarm Down-scale Alarm ,,207.6,0,199.5,2724.9,961,Active,,,,,,,,,,,,,,,,,,,,,,,,,,,,
KO20BC401165200673,1997-10-28 12:06,,,-321.1,1719.6,-321.1,1719.6,512,Active,,,,,,,,,,,,,,,,,,,,,,,,,,,,
KO20BC401165200673,1992-01-15 6:42,Calibrating TWA Alarm ,,0,0,207.6,0,1877,Active,,,,,,,,,,,,,,,,,,,,,,,,,,,,
KO20BC401165200673,1991-08-15 19:41,Calibrating Auto Zeroing Multi Alarm Low Alarm STEL Alarm Down-scale Alarm ,,2,299.5,-351.9,1719.7,62017,Active,,,,,,,,,,,,,,,,,,,,,,,,,,,,
KO20BC401165200673,1991-08-09 17:55,,,268,22.5,0,0,2129,Active,,,,,,,,,,,,,,,,,,,,,,,,,,,,
KO20BC401165200673,2048-03-11 15:23,Calibrating Auto Zeroing Multi Alarm High Alarm STEL Alarm ,,96.1,1770.8,2,299.5,62328,Active,,,,,,,,,,,,,,,,,,,,,,,,,,,,
KO20BC401165200673,2027-05-03 0:21,,,384.3,0.5,0.7,1,0,Active,,,,,,,,,,,,,,,,,,,,,,,,,,,,
KO20BC401165200673,1991-08-09 18:21,Calibrating Auto Zeroing Reserved Multi Alarm High Alarm TWA Alarm Down-scale Alarm ,,148.1,957.9,96.1,1.9,20,Active,,,,,,,,,,,,,,,,,,,,,,,,,,,,
KO20BC401165200673,2027-04-03 10:23,Reserved Battery Low High Alarm Down-scale Alarm ,,-320.7,1716.5,51.3,0,0,Active,,,,,,,,,,,,,,,,,,,,,,,,,,,,
KO20BC401165200673,1991-08-09 17:47,Low Alarm TWA Alarm ,,206.6,0,148.1,952.1,961,Active,,,,,,,,,,,,,,,,,,,,,,,,,,,,
KO20BC401165200673,1997-10-28 12:06,,,-320.7,1719.4,-320.7,1719.4,513,Active,,,,,,,,,,,,,,,,,,,,,,,,,,,,
KO20BC401165200673,1992-01-15 6:31,Auto Zeroing High Alarm STEL Alarm ,,0,0,206.6,0,1434,Active,,,,,,,,,,,,,,,,,,,,,,,,,,,,
KO20BC401165200673,1991-08-16 13:53,Calibrating Auto Zeroing Multi Alarm Down-scale Alarm ,,2,299.5,-320.6,1718.5,62330,Active,,,,,,,,,,,,,,,,,,,,,,,,,,,,
KO20BC401165200673,1991-08-09 17:55,,,0,20.9,0,0,2066,Active,,,,,,,,,,,,,,,,,,,,,,,,,,,,
KO20BC401165200673,2011-03-18 22:20,Calibrating Auto Zeroing High Alarm Low Alarm ,,96.1,2.3,2,299.5,62346,Active,,,,,,,,,,,,,,,,,,,,,,,,,,,,
KO20BC401165200673,2027-04-11 18:38,,,51.2,0,36,20.9,0,Active,,,,,,,,,,,,,,,,,,,,,,,,,,,,
KO20BC401165200673,1991-08-09 17:47,Calibrating Auto Zeroing Reserved Multi Alarm High Alarm TWA Alarm Down-scale Alarm ,,4.5,873,96.1,0.6,21,Active,,,,,,,,,,,,,,,,,,,,,,,,,,,,
KO20BC401165200673,2027-03-26 2:08,Reserved Battery Low High Alarm Down-scale Alarm ,,-318.6,1715.4,51.2,0,350,Active,,,,,,,,,,,,,,,,,,,,,,,,,,,,
KO20BC401165200673,1991-08-09 17:47,STEL Alarm TWA Alarm ,,0.1,0,10,851.2,961,Active,,,,,,,,,,,,,,,,,,,,,,,,,,,,
KO20BC401165200673,1997-10-28 12:06,,,-317.9,1717.4,-317.9,1717.4,512,Active,,,,,,,,,,,,,,,,,,,,,,,,,,,,
KO20BC401165200673,1992-01-15 6:36,Calibrating Auto Zeroing Reserved Low Alarm ,,0,0,0.7,0,239,Active,,,,,,,,,,,,,,,,,,,,,,,,,,,,
KO20BC401165200673,1991-08-14 7:16,Calibrating Auto Zeroing Multi Alarm ,,2.1,299.5,-317.9,1718.4,62357,Active,,,,,,,,,,,,,,,,,,,,,,,,,,,,
KO20BC401165200673,1991-08-09 17:55,,,35,20.9,0,0,7,Active,,,,,,,,,,,,,,,,,,,,,,,,,,,,
KO20BC401165200673,2008-05-06 22:05,Calibrating Auto Zeroing Multi Alarm Low Alarm TWA Alarm ,,96.1,0.8,2.1,299.5,62357,Active,,,,,,,,,,,,,,,,,,,,,,,,,,,,
KO20BC401165200673,2027-04-25 10:19,,,51.2,0,36,20.9,0,Active,,,,,,,,,,,,,,,,,,,,,,,,,,,,
KO20BC401165200673,1991-08-09 17:47,Calibrating Auto Zeroing Reserved Multi Alarm High Alarm TWA Alarm Down-scale Alarm ,,24.7,805.2,96.1,1,21,Active,,,,,,,,,,,,,,,,,,,,,,,,,,,,
KO20BC401165200673,2027-05-06 1:11,Reserved Battery Low High Alarm Down-scale Alarm ,,-317.9,1720.8,51.2,0,500,Active,,,,,,,,,,,,,,,,,,,,,,,,,,,,
KO20BC401165200673,1991-08-09 17:47,Calibrating Multi Alarm TWA Alarm ,,1.4,0,36.6,803.8,961,Active,,,,,,,,,,,,,,,,,,,,,,,,,,,,
KO20BC401165200673,1997-10-28 12:06,,,529.2,1747.6,529.2,1747.6,512,Active,,,,,,,,,,,,,,,,,,,,,,,,,,,,
KO20BC401165200673,1992-01-15 6:55,Auto Zeroing Battery Low Multi Alarm High Alarm STEL Alarm TWA Alarm ,,0,0,20.3,0,1416,Active,,,,,,,,,,,,,,,,,,,,,,,,,,,,
KO20BC401165200673,2000-04-20 10:16,Battery Low Multi Alarm STEL Alarm TWA Alarm ,,2,299.5,536.6,1751,5366,Active,,,,,,,,,,,,,,,,,,,,,,,,,,,,
KO20BC401165200673,1991-08-09 17:55,,,35,20.9,0,0,203,Active,,,,,,,,,,,,,,,,,,,,,,,,,,,,
KO20BC401165200673,2109-01-21 12:43,Battery Low Multi Alarm High Alarm ,,95.6,0.6,1.9,299.5,5366,Active,,,,,,,,,,,,,,,,,,,,,,,,,,,,
KO20BC401165200673,2027-12-28 1:08,,,51.2,0,35,20.9,0,Active,,,,,,,,,,,,,,,,,,,,,,,,,,,,
KO20BC401165200673,1991-08-09 17:50,Calibrating Auto Zeroing Reserved Multi Alarm High Alarm TWA Alarm Down-scale Alarm ,,135.3,-899,95.6,0.4,19,Active,,,,,,,,,,,,,,,,,,,,,,,,,,,,
KO20BC401165200673,2028-01-01 14:22,Reserved Battery Low High Alarm Down-scale Alarm ,,536.6,1752.6,51.2,0,350,Active,,,,,,,,,,,,,,,,,,,,,,,,,,,,
KO20BC401165200673,1991-08-09 17:47,TWA Alarm ,,20.3,0,132.9,-899.6,956,Active,,,,,,,,,,,,,,,,,,,,,,,,,,,,
KO20BC401165200673,1997-10-28 12:06,,,536.6,1753,536.6,1753,512,Active,,,,,,,,,,,,,,,,,,,,,,,,,,,,
KO20BC401165200673,1992-01-15 6:36,Reserved Battery Low High Alarm Low Alarm ,,0,0,20.3,0,1305,Active,,,,,,,,,,,,,,,,,,,,,,,,,,,,
KO20BC401165200673,1991-08-23 9:44,Battery Low High Alarm TWA Alarm ,,2,299.5,536.7,1749,5367,Active,,,,,,,,,,,,,,,,,,,,,,,,,,,,
KO20BC401165200673,1991-08-09 17:55,,,36,20.9,0,0,203,Active,,,,,,,,,,,,,,,,,,,,,,,,,,,,
KO20BC401165200673,2108-12-22 4:31,Battery Low Multi Alarm High Alarm STEL Alarm ,,95.6,3.2,2,299.5,5367,Active,,,,,,,,,,,,,,,,,,,,,,,,,,,,
KO20BC401165200673,2027-12-31 1:57,,,51.2,0,35,20.9,0,Active,,,,,,,,,,,,,,,,,,,,,,,,,,,,
KO20BC401165200673,1991-08-09 17:50,Calibrating Auto Zeroing Reserved Multi Alarm High Alarm TWA Alarm Down-scale Alarm ,,125.8,-905.4,95.6,0.2,20,Active,,,,,,,,,,,,,,,,,,,,,,,,,,,,
KO20BC401165200673,2028-01-04 15:11,Reserved Battery Low High Alarm Down-scale Alarm ,,536.7,1753,51.2,0,350,Active,,,,,,,,,,,,,,,,,,,,,,,,,,,,
KO20BC401165200673,1991-08-09 17:47,High Alarm Low Alarm STEL Alarm TWA Alarm ,,20.3,0,123.4,-906,956,Active,,,,,,,,,,,,,,,,,,,,,,,,,,,,
KO20BC401165200673,1997-10-28 12:06,,,529.7,1752.6,529.7,1752.6,513,Active,,,,,,,,,,,,,,,,,,,,,,,,,,,,
KO20BC401165200673,1992-01-15 6:55,High Alarm Low Alarm ,,0,0,21.2,0,1416,Active,,,,,,,,,,,,,,,,,,,,,,,,,,,,
KO20BC401165200673,2001-03-14 2:35,Battery Low High Alarm Low Alarm STEL Alarm TWA Alarm ,,1.9,299.5,536.8,1750.2,5368,Active,,,,,,,,,,,,,,,,,,,,,,,,,,,,
KO20BC401165200673,1991-08-09 17:55,,,47,20.9,0,0,445,Active,,,,,,,,,,,,,,,,,,,,,,,,,,,,
KO20BC401165200673,2108-10-28 13:33,Battery Low Multi Alarm Low Alarm ,,95.6,-1123.4,1.9,299.5,6849,Active,,,,,,,,,,,,,,,,,,,,,,,,,,,,
KO20BC401165200673,2027-12-21 23:55,,,51.2,0,91,20.9,0,Active,,,,,,,,,,,,,,,,,,,,,,,,,,,,
KO20BC401165200673,1991-08-09 17:54,Calibrating Auto Zeroing Reserved Multi Alarm High Alarm TWA Alarm Down-scale Alarm ,,39.9,213.4,95.6,9.6,20,Active,,,,,,,,,,,,,,,,,,,,,,,,,,,,
KO20BC401165200673,2027-12-12 21:28,Reserved Battery Low High Alarm Down-scale Alarm ,,685.1,1750,51.2,0,380,Active,,,,,,,,,,,,,,,,,,,,,,,,,,,,
KO20BC401165200673,1991-08-09 17:47,Low Alarm STEL Alarm ,,44.5,0,39.8,202.6,956,Active,,,,,,,,,,,,,,,,,,,,,,,,,,,,
KO20BC401165200673,1997-10-28 12:06,,,685.1,1751.4,685.1,1751.4,512,Active,,,,,,,,,,,,,,,,,,,,,,,,,,,,
KO20BC401165200673,1992-01-15 6:52,Calibrating Auto Zeroing Reserved Battery Low High Alarm Low Alarm STEL Alarm ,,0,0,47.4,0,499,Active,,,,,,,,,,,,,,,,,,,,,,,,,,,,
KO20BC401165200673,2021-05-31 12:38,Battery Low STEL Alarm ,,2,298.9,710.7,1747.6,7107,Active,,,,,,,,,,,,,,,,,,,,,,,,,,,,
KO20BC401165200673,1991-08-09 17:55,,,52,20.9,0,0,478,Active,,,,,,,,,,,,,,,,,,,,,,,,,,,,
KO20BC401165200673,2102-01-22 7:30,Battery Low Multi Alarm Low Alarm TWA Alarm ,,95.5,239.4,2,298.6,7148,Active,,,,,,,,,,,,,,,,,,,,,,,,,,,,
KO20BC401165200673,2027-12-23 12:24,,,51.2,0,59,20.9,0,Active,,,,,,,,,,,,,,,,,,,,,,,,,,,,
KO20BC401165200673,1991-08-09 17:54,Calibrating Auto Zeroing Reserved Multi Alarm High Alarm TWA Alarm Down-scale Alarm ,,43.4,-1484.8,95.5,-0.1,19,Active,,,,,,,,,,,,,,,,,,,,,,,,,,,,
KO20BC401165200673,2027-12-14 10:26,Reserved Battery Low High Alarm Down-scale Alarm ,,885.5,1750.2,51.2,0,710,Active,,,,,,,,,,,,,,,,,,,,,,,,,,,,
KO20BC401165200673,1991-08-09 17:47,Battery Low High Alarm STEL Alarm TWA Alarm ,,40.9,0,43.5,-1644,954,Active,,,,,,,,,,,,,,,,,,,,,,,,,,,,
KO20BC401165200673,1997-10-28 12:06,,,555.4,1751.8,555.4,1751.8,513,Active,,,,,,,,,,,,,,,,,,,,,,,,,,,,
KO20BC401165200673,1992-01-15 6:52,Calibrating Auto Zeroing Reserved Multi Alarm STEL Alarm ,,0,0,56,0,523,Active,,,,,,,,,,,,,,,,,,,,,,,,,,,,
KO20BC401165200673,2127-09-15 6:19,Battery Low Multi Alarm High Alarm STEL Alarm TWA Alarm Down-scale Alarm ,,2,299.5,2360.6,1752.7,23606,Active,,,,,,,,,,,,,,,,,,,,,,,,,,,,
KO20BC401165200673,1991-08-09 17:55,,,36,20.9,0,0,18,Active,,,,,,,,,,,,,,,,,,,,,,,,,,,,
KO20BC401165200673,2013-09-09 14:04,Battery Low Down-scale Alarm ,,94.5,0.6,1.7,299.5,23608,Active,,,,,,,,,,,,,,,,,,,,,,,,,,,,
KO20BC401165200673,2027-11-22 14:36,,,51.2,0,37,20.9,0,Active,,,,,,,,,,,,,,,,,,,,,,,,,,,,
KO20BC401165200673,1991-08-09 17:47,Calibrating Auto Zeroing Reserved Multi Alarm High Alarm TWA Alarm Down-scale Alarm ,,7.7,1056.9,94.5,0.8,17,Active,,,,,,,,,,,,,,,,,,,,,,,,,,,,
KO20BC401165200673,2027-12-09 7:06,Reserved Battery Low High Alarm Down-scale Alarm ,,2361.1,1749.5,51.2,0,370,Active,,,,,,,,,,,,,,,,,,,,,,,,,,,,
KO20BC401165200673,1991-08-09 17:47,Low Alarm ,,1.9,0,10.5,1036.7,945,Active,,,,,,,,,,,,,,,,,,,,,,,,,,,,
KO20BC401165200673,1997-10-28 12:06,,,2361.6,1751.9,2361.6,1751.9,512,Active,,,,,,,,,,,,,,,,,,,,,,,,,,,,
KO20BC401165200673,1992-01-15 6:38,Multi Alarm Low Alarm TWA Alarm Down-scale Alarm ,,0,0,2,0,118,Active,,,,,,,,,,,,,,,,,,,,,,,,,,,,
KO20BC401165200673,1991-08-15 19:41,Battery Low High Alarm Low Alarm Down-scale Alarm ,,1.7,299.5,2361.7,1749.7,23617,Active,,,,,,,,,,,,,,,,,,,,,,,,,,,,
KO20BC401165200673,1991-08-09 17:55,,,40,20.9,0,0,20,Active,,,,,,,,,,,,,,,,,,,,,,,,,,,,
KO20BC401165200673,2012-11-17 18:21,Battery Low Low Alarm TWA Alarm Down-scale Alarm ,,94.5,0.8,1.7,299.5,23618,Active,,,,,,,,,,,,,,,,,,,,,,,,,,,,
KO20BC401165200673,2027-11-30 4:39,,,51.2,0,38,20.9,0,Active,,,,,,,,,,,,,,,,,,,,,,,,,,,,
KO20BC401165200673,1991-08-09 17:47,Calibrating Auto Zeroing Reserved Multi Alarm High Alarm TWA Alarm Down-scale Alarm ,,13.7,1019.9,94.5,0.8,17,Active,,,,,,,,,,,,,,,,,,,,,,,,,,,,
KO20BC401165200673,2027-11-28 16:14,Reserved Battery Low High Alarm Down-scale Alarm ,,2361.9,1748.1,51.2,0,410,Active,,,,,,,,,,,,,,,,,,,,,,,,,,,,
KO20BC401165200673,1991-08-09 17:47,High Alarm Low Alarm ,,2,0,16.1,1014.1,945,Active,,,,,,,,,,,,,,,,,,,,,,,,,,,,
KO20BC401165200673,1997-10-28 12:06,,,2362,1747.9,2362,1747.9,512,Active,,,,,,,,,,,,,,,,,,,,,,,,,,,,
KO20BC401165200673,1992-01-24 10:29,Calibrating Auto Zeroing Battery Low Multi Alarm TWA Alarm Down-scale Alarm ,,0,0,453.6,0,3388,Active,,,,,,,,,,,,,,,,,,,,,,,,,,,,
KO20BC401165200673,2114-08-24 16:46,Battery Low Multi Alarm Low Alarm STEL Alarm Down-scale Alarm ,,1.9,292.8,2362.9,1751.7,23629,Active,,,,,,,,,,,,,,,,,,,,,,,,,,,,
KO20BC401165200673,1991-08-09 17:55,,,545,22.1,0,0,4862,Active,,,,,,,,,,,,,,,,,,,,,,,,,,,,
KO20BC401165200673,2011-05-06 12:32,Battery Low Multi Alarm Down-scale Alarm ,,94.5,-686.7,1.9,292.8,25183,Active,,,,,,,,,,,,,,,,,,,,,,,,,,,,
KO20BC401165200673,2027-12-16 21:35,,,51.8,0.7,7.2,10,0,Active,,,,,,,,,,,,,,,,,,,,,,,,,,,,
KO20BC401165200673,1991-08-09 19:02,Calibrating Auto Zeroing Battery Low Multi Alarm High Alarm Low Alarm ,,338.8,1638,94.4,1.9,19,Active,,,,,,,,,,,,,,,,,,,,,,,,,,,,
KO20BC401165200673,2028-01-02 14:04,Reserved Battery Low High Alarm Low Alarm STEL Alarm TWA Alarm ,,2518.3,1752.7,51.2,0,4310,Active,,,,,,,,,,,,,,,,,,,,,,,,,,,,
KO20BC401165200673,1991-08-09 17:47,Battery Low High Alarm Low Alarm STEL Alarm ,,453.6,0,333.5,1635.1,944,Active,,,,,,,,,,,,,,,,,,,,,,,,,,,,
KO20BC401165200673,1997-09-09 4:48,,,2518.5,1750.7,2518.5,1750.7,512,Active,,,,,,,,,,,,,,,,,,,,,,,,,,,,
KO20BC401165200673,1992-01-15 7:11,Calibrating Auto Zeroing Battery Low Multi Alarm High Alarm Low Alarm TWA Alarm Down-scale Alarm ,,0,0,451.2,0,3225,Active,,,,,,,,,,,,,,,,,,,,,,,,,,,,
KO20BC401165200673,1991-09-15 3:51,Battery Low High Alarm Low Alarm STEL Alarm Down-scale Alarm ,,2,293,2518.6,1750.1,25186,Active,,,,,,,,,,,,,,,,,,,,,,,,,,,,
KO20BC401165200673,1991-08-09 17:55,,,171,20.9,0,0,4512,Active,,,,,,,,,,,,,,,,,,,,,,,,,,,,
KO20BC401165200673,2025-03-29 12:02,Battery Low Multi Alarm High Alarm STEL Alarm TWA Alarm Down-scale Alarm ,,94.4,1.2,2,293,25183,Active,,,,,,,,,,,,,,,,,,,,,,,,,,,,
KO20BC401165200673,2028-01-02 14:04,,,51.3,0,431,22.2,0,Active,,,,,,,,,,,,,,,,,,,,,,,,,,,,
KO20BC401165200673,1991-08-09 19:02,Calibrating Auto Zeroing Battery Low Multi Alarm High Alarm TWA Alarm ,,338.8,1635.1,94.4,16.6,20,Active,,,,,,,,,,,,,,,,,,,,,,,,,,,,
KO20BC401165200673,2027-12-13 2:33,Reserved Battery Low High Alarm Down-scale Alarm ,,2518.7,1750,51.2,0,0,Active,,,,,,,,,,,,,,,,,,,,,,,,,,,,
KO20BC401165200673,1991-08-09 17:47,,,0,0,0,1613.7,944,Active,,,,,,,,,,,,,,,,,,,,,,,,,,,,
KO20BC401165200673,1991-08-09 17:47,,,2518.7,1750,2518.7,1750,513,Active,,,,,,,,,,,,,,,,,,,,,,,,,,,,
KO20BC401165200673,1992-01-15 6:31,Calibrating Auto Zeroing Low Alarm Down-scale Alarm ,,0,0,0,0,0,Active,,,,,,,,,,,,,,,,,,,,,,,,,,,,
KO20BC401165200673,1991-08-09 18:03,Battery Low Multi Alarm Low Alarm STEL Alarm ,,0,0,2602.7,1751.6,26027,Active,,,,,,,,,,,,,,,,,,,,,,,,,,,,
KO20BC401165200673,1991-08-09 17:55,TWA Alarm Down-scale Alarm ,,35,20.9,0,0.3,35,Active,,,,,,,,,,,,,,,,,,,,,,,,,,,,
KO20BC401165200673,2066-06-04 15:35,Battery Low Low Alarm STEL Alarm TWA Alarm ,,94.3,0.2,2.4,299.5,26752,Active,,,,,,,,,,,,,,,,,,,,,,,,,,,,
KO20BC401165200673,2027-12-02 12:08,TWA Alarm Down-scale Alarm ,,51.2,0,35,20.9,0,Active,,,,,,,,,,,,,,,,,,,,,,,,,,,,
KO20BC401165200673,1991-08-12 0:25,Calibrating Auto Zeroing Reserved Multi Alarm High Alarm TWA Alarm Down-scale Alarm ,,27,2423.8,94.3,0.6,23,Active,,,,,,,,,,,,,,,,,,,,,,,,,,,,
KO20BC401165200673,2027-12-11 14:35,Reserved Battery Low High Alarm Down-scale Alarm ,,2675.2,1749.8,51.2,0,400,Active,,,,,,,,,,,,,,,,,,,,,,,,,,,,
KO20BC401165200673,1991-08-12 0:24,Low Alarm STEL Alarm TWA Alarm ,,10,0.3,27.2,2422.6,943,Active,,,,,,,,,,,,,,,,,,,,,,,,,,,,
KO20BC401165200673,1997-10-28 12:06,,,2676.3,1749.4,2676.3,1749.4,512,Active,,,,,,,,,,,,,,,,,,,,,,,,,,,,
KO20BC401165200673,1992-01-15 6:37,High Alarm TWA Alarm ,,0,0.3,10.5,0.3,287,Active,,,,,,,,,,,,,,,,,,,,,,,,,,,,
KO20BC401165200673,1991-08-15 19:41,Battery Low Low Alarm STEL Alarm ,,2.3,299.5,2704.4,1748.4,27044,Active,,,,,,,,,,,,,,,,,,,,,,,,,,,,
KO20BC401165200673,1991-08-09 17:55,TWA Alarm Down-scale Alarm ,,36,20.9,0,0.3,189,Active,,,,,,,,,,,,,,,,,,,,,,,,,,,,
KO20BC401165200673,2007-07-22 4:00,Reserved Battery Low Multi Alarm Low Alarm TWA Alarm ,,94.3,0.8,2.2,299.5,43931,Active,,,,,,,,,,,,,,,,,,,,,,,,,,,,
KO20BC401165200673,2028-03-30 0:48,,,0.8,0,0,0,0,Active,,,,,,,,,,,,,,,,,,,,,,,,,,,,
KO20BC401165200673,1991-08-09 17:47,,,0,-14.1,85.8,0,0,Active,,,,,,,,,,,,,,,,,,,,,,,,,,,,
KO20BC401165200673,1991-10-24 14:19,TWA Alarm Down-scale Alarm ,,20,25.8,-3049.6,3113.3,58142,Active,,,,,,,,,,,,,,,,,,,,,,,,,,,,
KO20BC401165200673,1991-12-11 9:09,Calibrating Auto Zeroing STEL Alarm ,,5.8,-2575.9,-463.6,1715.6,60900,Active,,,,,,,,,,,,,,,,,,,,,,,,,,,,
KO20BC401165200673,1991-10-27 10:00,TWA Alarm Down-scale Alarm ,,20,25.8,-3049.6,3099.8,58142,Active,,,,,,,,,,,,,,,,,,,,,,,,,,,,
KO20BC401165200673,1991-12-17 23:51,Calibrating Auto Zeroing STEL Alarm ,,5.9,-1804.3,-463.6,1715.6,60900,Active,,,,,,,,,,,,,,,,,,,,,,,,,,,,
KO20BC401165200673,2028-04-01 22:12,Reserved Multi Alarm High Alarm Low Alarm STEL Alarm Down-scale Alarm ,,-1549.9,1764.2,384.2,14.7,437,Active,,,,,,,,,,,,,,,,,,,,,,,,,,,,
KO20BC401165200673,1991-08-13 7:47,,,0.4,0.4,0.8,662.9,855,Active,,,,,,,,,,,,,,,,,,,,,,,,,,,,
KO20BC401165200673,1991-10-28 10:04,TWA Alarm Down-scale Alarm ,,20,25.8,-3049.6,3094.9,58142,Active,,,,,,,,,,,,,,,,,,,,,,,,,,,,
KO20BC401165200673,1991-12-20 12:20,Calibrating Auto Zeroing STEL Alarm ,,6,659.6,-463.6,1715.6,60900,Active,,,,,,,,,,,,,,,,,,,,,,,,,,,,
KO20BC401165200673,1997-11-01 7:52,Reserved Low Alarm STEL Alarm TWA Alarm Down-scale Alarm ,,-963,1764.5,-963,1764.5,3842,Active,,,,,,,,,,,,,,,,,,,,,,,,,,,,
KO20BC401165200673,1992-01-02 9:56,Calibrating Battery Low Low Alarm STEL Alarm ,,32,0.4,1.7,0.4,21,Active,,,,,,,,,,,,,,,,,,,,,,,,,,,,
KO20BC401165200673,1991-10-29 10:01,TWA Alarm Down-scale Alarm ,,20,25.8,-3049.6,3090.3,58142,Active,,,,,,,,,,,,,,,,,,,,,,,,,,,,
KO20BC401165200673,1991-12-23 0:41,Calibrating Auto Zeroing STEL Alarm ,,6.1,-154,-463.6,1715.6,60900,Active,,,,,,,,,,,,,,,,,,,,,,,,,,,,
KO20BC401165200673,1991-08-14 13:45,Reserved Battery Low High Alarm STEL Alarm TWA Alarm ,,2.3,299.5,-757.8,1762.2,57958,Active,,,,,,,,,,,,,,,,,,,,,,,,,,,,
KO20BC401165200673,1991-11-29 13:24,STEL Alarm ,,50.2,18.8,31.6,0.4,33,Active,,,,,,,,,,,,,,,,,,,,,,,,,,,,
KO20BC401165200673,2000-02-16 5:08,Calibrating Battery Low High Alarm TWA Alarm Down-scale Alarm ,,85,0,2.4,299.5,2573,Active,,,,,,,,,,,,,,,,,,,,,,,,,,,,
KO20BC401165200673,1991-10-31 10:02,TWA Alarm Down-scale Alarm ,,20,25.8,-3049.6,3080.5,58142,Active,,,,,,,,,,,,,,,,,,,,,,,,,,,,
KO20BC401165200673,1991-12-28 1:32,Calibrating Auto Zeroing STEL Alarm ,,6.3,-1164.8,-463.6,1715.6,60900,Active,,,,,,,,,,,,,,,,,,,,,,,,,,,,
KO20BC401165200673,2000-02-18 5:09,Reserved Battery Low Multi Alarm High Alarm TWA Alarm Down-scale Alarm ,,85,0,2.4,299.5,60003,Active,,,,,,,,,,,,,,,,,,,,,,,,,,,,
KO20BC401165200673,2028-04-12 20:51,STEL Alarm ,,384.2,14.3,50.7,18.8,304,Active,,,,,,,,,,,,,,,,,,,,,,,,,,,,
KO20BC401165200673,1991-08-19 14:21,Calibrating Auto Zeroing Reserved Multi Alarm High Alarm TWA Alarm Down-scale Alarm ,,2,-1658.6,84.8,0,23,Active,,,,,,,,,,,,,,,,,,,,,,,,,,,,
KO20BC401165200673,2028-03-29 11:32,Reserved Multi Alarm High Alarm Low Alarm STEL Alarm ,,-346.6,1763.2,384.2,13.7,512,Active,,,,,,,,,,,,,,,,,,,,,,,,,,,,
KO20BC401165200673,1991-08-19 14:26,,,2.2,0.4,1.7,2697.2,847,Active,,,,,,,,,,,,,,,,,,,,,,,,,,,,
